1741735812.2719212, 0.3, 0.0, 0
1741735813.2598507, 1.3, 0.0, 5
1741735814.2611494, 2.3, 0.0, 5
1741735815.2625933, 3.3, 0.0, 5
1741735816.2637796, 4.3, 0.0, 7
1741735817.2650564, 5.3, 0.0, 7
1741735818.2663844, 6.3, 0.0, 7
1741735819.2677548, 7.3, 0.0, 8
1741735820.2692835, 8.3, 0.0, 8
1741735821.2705338, 9.3, 0.0, 8
1741735822.271816, 10.3, 0.0, 7
1741735823.2733529, 11.3, 0.0, 7
1741735824.274784, 12.3, 0.0, 7
1741735825.2759106, 13.3, 0.0, 8
1741735826.2772994, 14.3, 0.0, 8
1741735827.2786505, 15.3, 0.0, 8
1741735828.2799668, 16.3, 0.0, 8
1741735829.2813773, 17.3, 0.0, 8
1741735830.2827537, 18.3, 0.0, 8
1741735831.284003, 19.3, 201.33, 7
1741735832.284611, 20.3, 805.31, 7
1741735833.2857265, 21.3, 1015.02, 7
1741735834.2868197, 22.3, 1015.02, 7
1741735835.2882028, 23.3, 1023.41, 7
1741735836.2900214, 24.3, 511.71, 7
1741735837.2904239, 25.3, 830.47, 7
1741735838.292126, 26.3, 1409.29, 9
1741735839.2932916, 27.3, 1317.01, 9
1741735840.2946677, 28.3, 1468.01, 9
1741735841.296033, 29.3, 1115.68, 6
1741735842.297369, 30.3, 587.2, 6
1741735843.2988632, 31.3, 603.98, 6
1741735844.300224, 32.3, 411.04, 5
1741735845.3013656, 33.3, 511.71, 5
1741735846.3027003, 34.3, 612.37, 5
1741735847.3040001, 35.3, 855.64, 8
1741735848.305391, 36.3, 1610.61, 8
1741735849.3068066, 37.3, 1375.73, 8
1741735850.308226, 38.3, 1166.02, 8
1741735851.309636, 39.3, 1199.57, 8
1741735852.3111386, 40.3, 427.82, 8
1741735853.3125427, 41.3, 830.47, 8
1741735854.3137426, 42.3, 964.69, 5
1741735855.3151455, 43.3, 889.19, 5
1741735856.3166606, 44.3, 805.31, 5
1741735857.3175347, 45.3, 478.15, 7
1741735858.318846, 46.3, 352.32, 7
1741735859.3202202, 47.3, 838.86, 7
1741735860.3215728, 48.3, 981.47, 8
1741735861.3229613, 49.3, 1015.02, 8
1741735862.323612, 50.3, 989.86, 8
1741735863.3244216, 51.3, 1275.07, 6
1741735864.325675, 52.3, 1207.96, 6
1741735865.3267918, 53.3, 1207.96, 6
1741735866.3277118, 54.3, 1191.18, 6
1741735867.3299356, 55.3, 679.48, 8
1741735868.3312173, 56.3, 201.33, 8
1741735869.332622, 57.3, 201.33, 8
1741735870.333918, 58.3, 201.33, 6
1741735871.33543, 59.3, 58.72, 6
1741735872.33607, 60.3, 629.15, 6
1741735873.336568, 61.3, 905.97, 5
1741735874.3377528, 62.3, 1006.63, 5
1741735875.3388648, 63.3, 1015.02, 5
1741735876.340034, 64.3, 1082.13, 7
1741735877.340734, 65.3, 1266.68, 7
1741735878.3416545, 66.3, 1258.29, 7
1741735879.3428373, 67.3, 1409.29, 7
1741735880.3448634, 68.3, 947.91, 6
1741735881.3456068, 69.3, 335.54, 6
1741735882.3469558, 70.3, 385.88, 6
1741735883.348494, 71.3, 201.33, 6
1741735884.34984, 72.3, 352.32, 6
1741735885.3511689, 73.3, 578.81, 6
1741735886.3526146, 74.4, 533.82, 6
1741735887.3540924, 75.4, 855.64, 6
1741735888.3554714, 76.4, 1166.02, 6
1741735889.3568256, 77.4, 1191.18, 6
1741735890.3580852, 78.4, 1191.18, 6
1741735891.3596613, 79.4, 1157.63, 6
1741735892.3611765, 80.4, 838.86, 6
1741735893.3625557, 81.4, 998.24, 5
1741735894.3640478, 82.4, 922.75, 5
1741735895.365404, 83.4, 721.42, 5
1741735896.3667297, 84.4, 562.04, 6
1741735897.3682594, 85.4, 318.77, 6
1741735898.3695478, 86.4, 402.65, 6
1741735899.3708198, 87.4, 503.32, 6
1741735900.3721385, 88.4, 1082.13, 6
1741735901.3733637, 89.4, 1149.24, 6
1741735902.3747513, 90.4, 1132.46, 6
1741735903.376089, 91.4, 1409.29, 7
1741735904.377473, 92.4, 1207.96, 7
1741735905.3787394, 93.4, 1166.02, 7
1741735906.3792195, 94.4, 973.08, 7
1741735907.3804147, 95.4, 838.86, 7
1741735908.3823783, 96.4, 570.43, 7
1741735909.3838828, 97.4, 486.54, 8
1741735910.385275, 98.4, 402.65, 8
1741735911.3866482, 99.4, 260.05, 8
1741735912.388056, 100.4, 285.21, 7
1741735913.389469, 101.4, 503.32, 7
1741735914.3905718, 102.4, 1006.63, 7
1741735915.3920035, 103.4, 1392.51, 7
1741735916.393352, 104.4, 1409.29, 7
1741735917.3946886, 105.4, 1409.29, 7
1741735918.3963444, 106.4, 1191.18, 7
1741735919.397649, 107.4, 872.42, 7
1741735920.3991003, 108.4, 612.37, 7
1741735921.4005632, 109.4, 545.26, 7
1741735922.4010139, 110.4, 620.76, 6
1741735923.4021826, 111.4, 603.98, 6
1741735924.4033575, 112.4, 603.98, 6
1741735925.4045036, 113.4, 914.36, 5
1741735926.4064717, 114.4, 562.04, 5
1741735927.4070616, 115.4, 503.32, 5
1741735928.409147, 116.4, 1056.96, 6
1741735929.4095137, 117.4, 1174.41, 6
1741735930.4109018, 118.4, 1207.96, 6
1741735931.4122825, 119.4, 1216.35, 9
1741735932.4135497, 120.4, 1233.13, 9
1741735933.4149332, 121.4, 822.08, 9
1741735934.4161508, 122.4, 654.31, 9
1741735935.4176073, 123.4, 1023.41, 8
1741735936.4189634, 124.4, 662.7, 8
1741735937.4202647, 125.4, 654.31, 8
1741735938.421595, 126.4, 914.36, 7
1741735939.4229264, 127.4, 746.59, 7
1741735940.4242916, 128.4, 603.98, 7
1741735941.4255438, 129.4, 889.19, 6
1741735942.4267347, 130.4, 1140.85, 6
1741735943.428101, 131.4, 1216.35, 6
1741735944.4294944, 132.4, 1358.95, 9
1741735945.4308443, 133.4, 1400.9, 9
1741735946.4324222, 134.4, 855.64, 9
1741735947.4335995, 135.4, 570.43, 5
1741735948.4350107, 136.4, 310.38, 5
1741735949.4365983, 137.4, 0.0, 5
1741735950.4376743, 138.4, 0.0, 5
1741735951.4389122, 139.4, 679.48, 6
1741735952.440332, 140.4, 1107.3, 6
1741735953.441659, 141.4, 1207.96, 6
1741735954.442593, 142.4, 1207.96, 7
1741735955.4442818, 143.4, 889.19, 7
1741735956.4464684, 144.4, 671.09, 7
1741735957.4472518, 145.4, 931.14, 7
1741735958.4488115, 146.4, 1409.29, 7
1741735959.4496186, 147.4, 1300.23, 7
1741735960.4509516, 148.4, 1065.35, 4
1741735961.4523175, 149.5, 716.84, 4
1741735962.4536335, 150.5, 620.76, 4
1741735963.4549758, 151.5, 394.26, 10
1741735964.4564307, 152.5, 603.98, 10
1741735965.4575813, 153.5, 914.36, 10
1741735966.4589074, 154.5, 805.31, 10
1741735967.4603693, 155.5, 905.97, 6
1741735968.461684, 156.5, 989.86, 6
1741735969.4630702, 157.5, 603.98, 6
1741735970.46448, 158.5, 889.19, 8
1741735971.4656613, 159.5, 1333.79, 8
1741735972.4670315, 160.5, 1174.41, 8
1741735973.4684343, 161.5, 1182.79, 9
1741735974.4698877, 162.5, 1157.63, 9
1741735975.4704077, 163.5, 679.48, 9
1741735976.4724743, 164.5, 486.54, 9
1741735977.4728026, 165.5, 620.76, 6
1741735978.4739504, 166.5, 788.53, 6
1741735979.4751186, 167.5, 1006.63, 6
1741735980.4762902, 168.5, 1132.46, 9
1741735981.4782784, 169.5, 1023.41, 9
1741735982.4798245, 170.5, 746.59, 9
1741735983.4812014, 171.5, 436.21, 9
1741735984.481729, 172.5, 704.64, 9
1741735985.483833, 173.5, 1451.23, 9
1741735986.4851115, 174.5, 1283.46, 6
1741735987.4864445, 175.5, 1207.96, 6
1741735988.48781, 176.5, 1157.63, 6
1741735989.4892068, 177.5, 578.81, 9
1741735990.4896297, 178.5, 503.32, 9
1741735991.4907527, 179.5, 989.86, 9
1741735992.4922874, 180.5, 1132.46, 5
1741735993.4937072, 181.5, 1015.02, 5
1741735994.4951758, 182.5, 989.86, 5
1741735995.4963796, 183.5, 687.87, 5
1741735996.4977138, 184.5, 603.98, 8
1741735997.499053, 185.5, 1082.13, 8
1741735998.5004659, 186.5, 1342.18, 8
1741735999.502089, 187.5, 1090.52, 5
1741736000.5033581, 188.5, 788.53, 5
1741736001.504682, 189.5, 721.42, 5
1741736002.5059001, 190.5, 763.36, 6
1741736003.5074873, 191.5, 469.76, 6
1741736004.508782, 192.5, 855.64, 6
1741736005.5095203, 193.5, 1283.46, 8
1741736006.5108209, 194.5, 1266.68, 8
1741736007.512212, 195.5, 1350.57, 8
1741736008.5135639, 196.5, 905.97, 4
1741736009.5150213, 197.5, 603.98, 4
1741736010.5163956, 198.5, 687.87, 4
