1741513119.675387, 0.1, 0.0, 1
1741513120.5914502, 1.1, 134.22, 1
1741513121.5929604, 2.1, 134.22, 1
1741513122.595003, 3.1, 134.22, 1
1741513123.5967326, 4.1, 268.44, 2
1741513124.6002128, 5.1, 268.44, 2
1741513125.6014493, 6.1, 268.44, 2
1741513126.6002772, 7.1, 536.87, 4
1741513127.6026845, 8.1, 536.87, 4
1741513128.6036701, 9.1, 536.87, 4
1741513129.611434, 10.1, 805.31, 6
1741513130.6094306, 11.1, 805.31, 6
1741513131.6094866, 12.1, 805.31, 6
1741513132.6138937, 13.1, 939.52, 7
1741513133.6128273, 14.1, 939.52, 7
1741513134.6131635, 15.1, 939.52, 7
1741513135.6146445, 16.1, 1056.96, 8
1741513136.621977, 17.1, 1073.74, 8
1741513137.6343424, 18.1, 1090.52, 8
1741513138.6336374, 19.1, 956.3, 7
1741513139.6265523, 20.1, 939.52, 7
1741513140.6259499, 21.1, 939.52, 7
1741513141.6271636, 22.1, 838.86, 6
1741513142.627521, 23.1, 805.31, 6
1741513143.628926, 24.1, 805.31, 6
1741513144.642049, 25.1, 905.97, 7
1741513145.631966, 26.1, 939.52, 7
1741513146.6314275, 27.1, 939.52, 7
1741513147.6379812, 28.1, 855.64, 6
1741513148.6360848, 29.1, 805.31, 6
1741513149.6475217, 30.1, 805.31, 6
1741513150.6424792, 31.1, 721.42, 5
1741513151.647284, 32.1, 671.09, 5
1741513152.6488042, 33.1, 671.09, 5
1741513153.6622632, 34.1, 771.75, 6
1741513154.6613555, 35.1, 805.31, 6
1741513155.6542268, 36.1, 805.31, 6
1741513156.6554182, 37.1, 973.08, 8
1741513157.673847, 38.1, 1073.74, 8
1741513158.6743958, 39.1, 1073.74, 8
1741513159.6659615, 40.1, 1157.63, 9
1741513160.6696858, 41.1, 1224.74, 9
1741513161.6656034, 42.1, 1224.74, 9
1741513162.6776032, 43.1, 973.08, 6
1741513163.6735818, 44.1, 805.31, 6
1741513164.6748788, 45.1, 805.31, 6
1741513165.6757672, 46.1, 738.2, 5
1741513166.6748846, 47.1, 671.09, 5
1741513167.6791048, 48.1, 671.09, 5
1741513168.686841, 49.1, 738.2, 6
1741513169.6817117, 50.1, 805.31, 6
1741513170.6841836, 51.1, 805.31, 6
1741513171.6858091, 52.1, 872.42, 7
1741513172.6871493, 53.1, 939.52, 7
1741513173.6873999, 54.1, 939.52, 7
1741513174.693644, 55.2, 976.13, 9
1741513175.6938715, 56.2, 1207.96, 9
1741513176.6928473, 57.2, 1207.96, 9
1741513177.7096596, 58.2, 1258.29, 10
1741513178.6959028, 59.2, 1342.18, 10
1741513179.7027168, 60.2, 1342.18, 10
1741513180.72072, 61.2, 1342.18, 10
1741513181.7177465, 62.2, 1342.18, 10
1741513182.7050176, 63.2, 1325.4, 10
1741513183.7073832, 64.2, 1241.51, 7
1741513184.7089777, 65.2, 947.91, 7
1741513185.7099056, 66.2, 947.91, 7
1741513186.7094984, 67.2, 905.97, 6
1741513187.7115877, 68.2, 805.31, 6
1741513188.7176445, 69.2, 788.53, 6
1741513189.723567, 70.2, 838.86, 7
1741513190.7175198, 71.2, 939.52, 7
1741513191.719326, 72.2, 939.52, 7
1741513192.729636, 73.2, 1040.19, 9
1741513193.7562451, 74.2, 1207.96, 9
1741513194.7398326, 75.2, 1207.96, 9
1741513195.7327478, 76.2, 1241.51, 10
1741513196.7346604, 77.2, 1342.18, 10
1741513197.7359796, 78.2, 1342.18, 10
1741513198.7377598, 79.2, 1375.73, 11
1741513199.738385, 80.2, 1476.4, 11
1741513200.745859, 81.2, 1476.4, 11
1741513201.7405274, 82.2, 1493.17, 12
1741513202.7546031, 83.2, 1610.61, 12
1741513203.7813232, 84.2, 1610.61, 12
1741513204.7491727, 85.2, 1593.84, 9
1741513205.7582426, 86.2, 1207.96, 9
1741513206.7529216, 87.2, 1207.96, 9
1741513207.7606885, 88.2, 1191.18, 8
1741513208.754382, 89.2, 1056.96, 8
1741513209.755091, 90.2, 1073.74, 8
1741513210.7616572, 91.2, 1107.3, 9
1741513211.7632494, 92.2, 1207.96, 9
1741513212.765513, 93.2, 1207.96, 9
1741513213.78995, 94.2, 1207.96, 9
1741513214.7885153, 95.2, 1342.18, 10
1741513215.808499, 96.2, 1342.18, 10
1741513216.8658226, 97.2, 1342.18, 9
1741513217.782307, 98.2, 1207.96, 9
1741513218.7896535, 99.2, 1207.96, 9
1741513219.7821608, 100.2, 1207.96, 9
1741513220.7835326, 101.2, 1090.52, 8
1741513221.786177, 102.2, 1073.74, 8
1741513222.7856734, 103.2, 1073.74, 8
1741513223.7880678, 104.2, 1207.96, 9
1741513224.787935, 105.2, 1207.96, 9
1741513225.8021336, 106.3, 1098.15, 9
1741513226.7916696, 107.3, 1342.18, 10
1741513227.7938895, 108.3, 1333.79, 10
1741513228.7966871, 109.3, 1350.57, 10
1741513229.7976425, 110.3, 1224.74, 9
1741513230.7994528, 111.3, 1207.96, 9
1741513231.7997096, 112.3, 1207.96, 9
1741513232.7998703, 113.3, 1325.4, 10
1741513233.8010397, 114.3, 1342.18, 10
1741513234.8026392, 115.3, 1342.18, 10
1741513235.835494, 116.3, 1459.62, 11
1741513236.808493, 117.3, 1476.4, 11
1741513237.8217876, 118.3, 1476.4, 11
1741513238.8121705, 119.3, 1375.73, 10
1741513239.817671, 120.3, 1342.18, 10
1741513240.8163803, 121.3, 1342.18, 10
1741513241.8191862, 122.3, 1258.29, 9
1741513242.8256536, 123.3, 1207.96, 9
1741513243.8209689, 124.3, 1207.96, 9
1741513244.822737, 125.3, 1291.85, 10
1741513245.823161, 126.3, 1342.18, 10
1741513246.8530424, 127.3, 1342.18, 10
1741513247.8291378, 128.3, 1426.06, 11
1741513248.8324337, 129.3, 1476.4, 11
1741513249.842276, 130.3, 1476.4, 11
1741513250.8333306, 131.3, 1409.29, 10
1741513251.836058, 132.3, 1342.18, 10
1741513252.834809, 133.3, 1342.18, 10
1741513253.838272, 134.3, 1275.07, 9
1741513254.8547568, 135.3, 1207.96, 9
1741513255.8442247, 136.3, 1207.96, 9
1741513256.8697238, 137.3, 1275.07, 10
1741513257.848424, 138.3, 1342.18, 10
1741513258.8535042, 139.3, 1342.18, 10
1741513259.892735, 140.3, 1342.18, 11
1741513260.9027495, 141.3, 1342.18, 11
1741513261.8604624, 142.3, 1090.52, 11
1741513262.86767, 143.3, 1006.63, 10
1741513263.8626416, 144.3, 654.31, 10
1741513264.8633933, 145.3, 268.44, 10
1741513265.8646886, 146.3, 16.78, 15
1741513266.8673012, 147.3, 1979.71, 15
1741513267.8761306, 148.3, 2013.27, 15
1741513268.8781998, 149.3, 1266.68, 2
1741513269.8785284, 150.3, 268.44, 2
1741513270.8804176, 151.3, 268.44, 2
1741513271.8814652, 152.3, 268.44, 2
1741513272.8823407, 153.3, 67.11, 2
1741513273.883794, 154.3, 0.0, 2
1741513274.8844888, 155.3, 0.0, 2
1741513275.888733, 156.3, 0.0, 2
1741513276.8884344, 157.3, 0.0, 2
1741513277.8881006, 158.3, 0.0, 2
1741513278.892814, 159.3, 234.88, 2
1741513279.8927896, 160.4, 244.03, 2
1741513280.890985, 161.4, 268.44, 2
1741513281.8921115, 162.4, 268.44, 2
1741513282.8923998, 163.4, 268.44, 2
1741513283.8954315, 164.4, 268.44, 2
1741513284.8960252, 165.4, 268.44, 2
1741513285.8970168, 166.4, 268.44, 2
1741513286.8973432, 167.4, 268.44, 2
1741513287.8988245, 168.4, 268.44, 2
1741513288.8997614, 169.4, 268.44, 2
1741513289.9028838, 170.4, 268.44, 2
1741513290.9011133, 171.4, 268.44, 2
1741513291.9047499, 172.4, 268.44, 2
1741513292.9041705, 173.4, 268.44, 2
1741513293.9069245, 174.4, 268.44, 2
1741513294.907921, 175.4, 268.44, 2
1741513295.9086273, 176.4, 268.44, 2
1741513296.9107683, 177.4, 268.44, 2
1741513297.914286, 178.4, 268.44, 2
1741513298.9125686, 179.4, 268.44, 2
1741513299.9148278, 180.4, 268.44, 2
1741513300.9135613, 181.4, 184.55, 1
1741513301.9163644, 182.4, 134.22, 1
1741513302.9162312, 183.4, 134.22, 1
1741513303.917089, 184.4, 125.83, 0
1741513304.920552, 185.4, 0.0, 0
1741513305.9202347, 186.4, 0.0, 0
1741513306.9212952, 187.4, 0.0, 0
1741513307.9226363, 188.4, 0.0, 0
1741513308.9247863, 189.4, 0.0, 0
1741513309.925214, 190.4, 0.0, 0
1741513310.9274194, 191.4, 0.0, 0
1741513311.9298131, 192.4, 0.0, 0
1741513312.9290245, 193.4, 0.0, 0
1741513313.930913, 194.4, 0.0, 0
1741513314.930536, 195.4, 0.0, 0
1741513315.9310591, 196.4, 0.0, 0
1741513316.9323273, 197.4, 0.0, 0
1741513317.932824, 198.4, 0.0, 0
1741513318.933745, 199.4, 0.0, 0
1741513319.934642, 200.4, 0.0, 0
1741513320.935862, 201.4, 0.0, 2
1741513321.9387705, 202.4, 0.0, 2
1741513322.944142, 203.4, 0.0, 2
