1741587205.8535612, 0.8, 0.0, 0
1741587206.8422947, 1.8, 0.0, 9
1741587207.8436947, 2.8, 0.0, 9
1741587208.8452158, 3.8, 0.0, 9
1741587209.8463836, 4.8, 0.0, 8
1741587210.8486512, 5.8, 0.0, 8
1741587211.8494387, 6.8, 0.0, 8
1741587212.850867, 7.8, 0.0, 9
1741587213.8522544, 8.9, 0.0, 9
1741587214.853445, 9.9, 0.0, 9
1741587215.85488, 10.9, 444.6, 7
1741587216.856316, 11.9, 687.87, 7
1741587217.857521, 12.9, 671.09, 7
1741587218.8589108, 13.9, 679.48, 7
1741587219.8602586, 14.9, 738.2, 7
1741587220.861322, 15.9, 855.64, 7
1741587221.8627882, 16.9, 754.97, 9
1741587222.864125, 17.9, 536.87, 9
1741587223.8652563, 18.9, 570.43, 9
1741587224.8666723, 19.9, 838.86, 8
1741587225.8681417, 20.9, 905.97, 8
1741587226.8685446, 21.9, 1056.96, 8
1741587227.8696933, 22.9, 1023.41, 8
1741587228.8708239, 23.9, 805.31, 9
1741587229.8720038, 24.9, 805.31, 9
1741587230.873099, 25.9, 620.76, 9
1741587231.8742063, 26.9, 796.92, 8
1741587232.8754296, 27.9, 931.14, 8
1741587233.8765166, 28.9, 822.08, 8
1741587234.8777204, 29.9, 989.86, 8
1741587235.8788452, 30.9, 1073.74, 8
1741587236.880042, 31.9, 1073.74, 8
1741587237.8811445, 32.9, 989.86, 8
1741587238.8822105, 33.9, 956.3, 8
1741587239.8842776, 34.9, 872.42, 8
1741587240.8843904, 35.9, 939.52, 8
1741587241.886679, 36.9, 805.31, 8
1741587242.8877363, 37.9, 939.52, 8
1741587243.88941, 38.9, 1006.63, 10
1741587244.8905976, 39.9, 738.2, 10
1741587245.8920395, 40.9, 738.2, 10
1741587246.89347, 41.9, 587.2, 10
1741587247.9146268, 42.9, 553.65, 8
1741587248.8960373, 43.9, 654.31, 8
1741587249.8974705, 44.9, 620.76, 8
1741587250.8988175, 45.9, 872.42, 9
1741587251.9003065, 46.9, 897.58, 9
1741587252.9014308, 47.9, 964.69, 9
1741587253.9026859, 48.9, 1073.74, 8
1741587254.9041293, 49.9, 939.52, 8
1741587255.9053583, 50.9, 897.58, 8
1741587256.9067707, 51.9, 830.47, 7
1741587257.908098, 52.9, 872.42, 7
1741587258.909342, 53.9, 922.75, 7
1741587259.9107466, 54.9, 889.19, 9
1741587260.9113016, 55.9, 1006.63, 9
1741587261.912489, 56.9, 1140.85, 9
1741587262.9144087, 57.9, 1098.91, 5
1741587263.915774, 58.9, 679.48, 5
1741587264.9171345, 59.9, 671.09, 5
1741587265.9184098, 60.9, 654.31, 5
1741587266.919729, 61.9, 1082.13, 9
1741587267.9210653, 62.9, 1191.18, 9
1741587268.9224107, 63.9, 981.47, 9
1741587269.9238865, 64.9, 939.52, 9
1741587270.9252143, 65.9, 905.97, 9
1741587271.925893, 66.9, 1006.63, 9
1741587272.9277048, 67.9, 855.64, 5
1741587273.9290557, 68.9, 671.09, 5
1741587274.930374, 69.9, 671.09, 5
1741587275.9317594, 70.9, 738.2, 9
1741587276.9332857, 71.9, 780.14, 9
1741587277.9343455, 72.9, 847.25, 9
1741587278.9358172, 73.9, 864.03, 6
1741587279.9371738, 74.9, 805.31, 6
1741587280.9385018, 75.9, 805.31, 6
1741587281.939918, 76.9, 771.75, 7
1741587282.9412987, 77.9, 922.75, 7
1741587283.9425771, 78.9, 914.36, 7
1741587284.9439912, 79.9, 922.75, 7
1741587285.9452043, 80.9, 939.52, 10
1741587286.9465733, 81.9, 939.52, 10
1741587287.9479625, 82.9, 1023.41, 10
1741587288.9494996, 83.9, 763.36, 8
1741587289.9509945, 84.9, 696.25, 8
1741587290.952164, 86.0, 655.84, 8
1741587291.9535096, 87.0, 662.7, 5
1741587292.9548368, 88.0, 679.48, 5
1741587293.9561565, 89.0, 620.76, 5
1741587294.957368, 90.0, 587.2, 10
1741587295.9588447, 91.0, 671.09, 10
1741587296.9601884, 92.0, 570.43, 10
1741587297.961642, 93.0, 536.87, 6
1741587298.9629161, 94.0, 587.2, 6
1741587299.964246, 95.0, 671.09, 6
1741587300.965511, 96.0, 754.97, 8
1741587301.9667573, 97.0, 822.08, 8
1741587302.9682605, 98.0, 872.42, 8
1741587303.9693983, 99.0, 788.53, 7
1741587304.9708223, 100.0, 796.92, 7
1741587305.972213, 101.0, 729.81, 7
1741587306.9733682, 102.0, 905.97, 7
1741587307.974891, 103.0, 1023.41, 9
1741587308.9763103, 104.0, 889.19, 9
1741587309.977989, 105.0, 939.52, 9
1741587310.9790723, 106.0, 956.3, 7
1741587311.9805536, 107.0, 922.75, 7
1741587312.9819217, 108.0, 922.75, 7
1741587313.983141, 109.0, 973.08, 10
1741587314.984613, 110.0, 1140.85, 10
1741587315.985439, 111.0, 1023.41, 10
1741587316.9869425, 112.0, 939.52, 7
1741587317.9884098, 113.0, 939.52, 7
1741587318.9895008, 114.0, 922.75, 7
1741587319.9908142, 115.0, 922.75, 8
1741587320.9922874, 116.0, 880.8, 8
1741587321.9934528, 117.0, 947.91, 8
1741587322.994789, 118.0, 922.75, 7
1741587323.9960752, 119.0, 947.91, 7
1741587324.997352, 120.0, 931.14, 7
1741587325.9988122, 121.0, 939.52, 7
1741587327.0000968, 122.0, 889.19, 10
1741587328.001339, 123.0, 671.09, 10
1741587329.0027056, 124.0, 939.52, 10
1741587330.00407, 125.0, 838.86, 6
1741587331.0053616, 126.0, 805.31, 6
1741587332.0067987, 127.0, 713.03, 6
1741587333.0080686, 128.0, 880.8, 10
1741587334.009244, 129.0, 973.08, 10
1741587335.0107348, 130.0, 1107.3, 10
1741587336.0120246, 131.0, 1073.74, 9
1741587337.012924, 132.0, 1124.07, 9
1741587338.0147226, 133.0, 1191.18, 9
1741587339.0162363, 134.0, 1073.74, 8
1741587340.0174756, 135.0, 1023.41, 8
1741587341.0189006, 136.0, 1056.96, 8
1741587342.0204415, 137.0, 1073.74, 9
1741587343.0215397, 138.0, 1140.85, 9
1741587344.0228102, 139.0, 1174.41, 9
1741587345.0242386, 140.0, 889.19, 9
1741587346.0255897, 141.0, 922.75, 7
1741587347.02608, 142.0, 872.42, 7
1741587348.0281281, 143.0, 880.8, 7
1741587349.029394, 144.0, 905.97, 7
1741587350.0307705, 145.0, 696.25, 7
1741587351.032259, 146.0, 763.36, 7
1741587352.0337853, 147.0, 864.03, 10
1741587353.0351045, 148.0, 889.19, 10
1741587354.036791, 149.0, 973.08, 10
1741587355.0377045, 150.0, 788.53, 9
1741587356.0389087, 151.0, 813.69, 9
1741587357.0394425, 152.0, 838.86, 9
1741587358.0405495, 153.0, 813.69, 8
1741587359.0415993, 154.0, 973.08, 8
1741587360.0427444, 155.0, 721.42, 8
1741587361.0439193, 156.0, 671.09, 8
1741587362.0446422, 157.0, 671.09, 8
1741587363.0457416, 158.0, 914.36, 8
1741587364.0475411, 159.0, 964.69, 8
1741587365.0479815, 160.0, 788.53, 8
1741587366.0491474, 161.0, 671.09, 8
1741587367.0502918, 162.0, 671.09, 8
1741587368.0527446, 163.1, 671.09, 7
1741587369.0536447, 164.1, 679.48, 7
1741587370.0551288, 165.1, 847.25, 7
1741587371.0565686, 166.1, 1023.41, 8
1741587372.057695, 167.1, 1073.74, 8
1741587373.0589464, 168.1, 1073.74, 8
1741587374.0604, 169.1, 1207.96, 10
1741587375.061572, 170.1, 1258.29, 10
1741587376.0630083, 171.1, 1308.62, 10
1741587377.0642514, 172.1, 1056.96, 7
1741587378.0657747, 173.1, 939.52, 7
1741587379.0669906, 174.1, 939.52, 7
1741587380.068599, 175.1, 1107.3, 11
1741587381.06955, 176.1, 1417.67, 11
1741587382.0698645, 177.1, 1409.29, 11
1741587383.0711, 178.1, 1082.13, 7
1741587384.0721607, 179.1, 939.52, 7
1741587385.073256, 180.1, 939.52, 7
1741587386.0745218, 181.1, 922.75, 7
1741587387.0756376, 182.1, 905.97, 7
1741587388.076856, 183.1, 889.19, 7
1741587389.0788865, 184.1, 947.91, 9
1741587390.0802832, 185.1, 947.91, 9
1741587391.0815244, 186.1, 973.08, 9
1741587392.0830224, 187.1, 1207.96, 9
1741587393.084145, 188.1, 1040.19, 8
1741587394.085681, 189.1, 1073.74, 8
1741587395.0868907, 190.1, 1056.96, 8
1741587396.0883048, 191.1, 1073.74, 8
1741587397.089668, 192.1, 1073.74, 8
1741587398.091034, 193.1, 1040.19, 8
1741587399.091536, 194.1, 1308.62, 10