1741574133.1309001, 0.1, 0.0, 1
1741574134.1230357, 1.1, 0.0, 1
1741574135.1244245, 2.1, 0.0, 1
1741574136.1257834, 3.1, 0.0, 1
1741574137.127045, 4.1, 0.0, 2
1741574138.1284788, 5.1, 0.0, 2
1741574139.129851, 6.1, 0.0, 2
1741574140.1314187, 7.1, 0.0, 4
1741574141.1328316, 8.1, 0.0, 4
1741574142.1340334, 9.1, 0.0, 4
1741574143.135442, 10.1, 83.89, 8
1741574144.1368966, 11.1, 134.22, 8
1741574145.1383116, 12.1, 142.61, 8
1741574146.1395595, 13.1, 218.1, 13
1741574147.140931, 14.1, 343.93, 13
1741574148.142413, 15.1, 402.65, 13
1741574149.1438057, 16.1, 419.43, 17
1741574150.1451747, 17.1, 587.2, 17
1741574151.1463914, 18.1, 721.42, 17
1741574152.147869, 19.1, 754.97, 20
1741574153.149175, 20.1, 637.53, 20
1741574154.1510336, 21.1, 805.31, 20
1741574155.1519248, 22.2, 960.88, 20
1741574156.153322, 23.2, 788.53, 20
1741574157.1547067, 24.2, 671.09, 20
1741574158.1562138, 25.2, 704.64, 20
1741574159.1575718, 26.2, 822.08, 20
1741574160.1589417, 27.2, 1115.68, 20
1741574161.1602747, 28.2, 947.91, 20
1741574162.1613615, 29.2, 947.91, 20
1741574163.1626847, 30.2, 1065.35, 20
1741574164.1643205, 31.2, 1073.74, 20
1741574165.1653404, 32.2, 1006.63, 20
1741574166.1666143, 33.2, 1107.3, 20
1741574167.1679509, 34.2, 805.31, 20
1741574168.1692955, 35.2, 889.19, 20
1741574169.1707244, 36.2, 956.3, 20
1741574170.1713438, 37.2, 838.86, 17
1741574171.1724668, 38.2, 1023.41, 17
1741574172.1736465, 39.2, 813.69, 17
1741574173.174713, 40.2, 713.03, 16
1741574174.1767585, 41.2, 754.97, 16
1741574175.177233, 42.2, 822.08, 16
1741574176.17889, 43.2, 939.52, 18
1741574177.180334, 44.2, 1048.58, 18
1741574178.1811643, 45.2, 838.86, 18
1741574179.18257, 46.2, 931.14, 19
1741574180.1839204, 47.2, 939.52, 19
1741574181.1852345, 48.2, 989.86, 19
1741574182.18666, 49.2, 1006.63, 20
1741574183.188247, 50.2, 721.42, 20
1741574184.1894321, 51.2, 771.75, 20
1741574185.19082, 52.2, 788.53, 15
1741574186.1924584, 53.2, 889.19, 15
1741574187.1933904, 54.2, 1023.41, 15
1741574188.1947515, 55.2, 830.47, 14
1741574189.196237, 56.2, 880.8, 14
1741574190.1973488, 57.2, 889.19, 14
1741574191.198634, 58.2, 1040.19, 15
1741574192.2002375, 59.2, 1090.52, 15
1741574193.200498, 60.2, 905.97, 15
1741574194.2016664, 61.2, 805.31, 15
1741574195.2027695, 62.2, 771.75, 15
1741574196.2038007, 63.2, 897.58, 15
1741574197.2043786, 64.2, 947.91, 13
1741574198.205466, 65.2, 1023.41, 13
1741574199.206618, 66.2, 805.31, 13
1741574200.2088263, 67.2, 805.31, 12
1741574201.2094586, 68.2, 889.19, 12
1741574202.2108648, 69.2, 922.75, 12
1741574203.2122602, 70.2, 1056.96, 11
1741574204.2136555, 71.2, 813.69, 11
1741574205.2149189, 72.2, 947.91, 11
1741574206.2163243, 73.2, 956.3, 12
1741574207.2174647, 74.2, 1040.19, 12
1741574208.2187388, 75.2, 872.42, 12
1741574209.2201405, 76.2, 922.75, 13
1741574210.2214975, 77.2, 889.19, 13
1741574211.2228646, 78.2, 973.08, 13
1741574212.2243466, 79.2, 939.52, 12
1741574213.225512, 80.2, 855.64, 12
1741574214.226995, 81.2, 1258.29, 12
1741574215.2280824, 82.2, 1224.74, 10
1741574216.2294905, 83.2, 1090.52, 10
1741574217.2307382, 84.2, 838.86, 10
1741574218.2322211, 85.2, 805.31, 11
1741574219.2333736, 86.2, 1040.19, 11
1741574220.2349749, 87.2, 1065.35, 11
1741574221.236373, 88.2, 754.97, 12
1741574222.2373827, 89.2, 679.48, 12
1741574223.2380147, 90.2, 687.87, 12
1741574224.2394419, 91.2, 889.19, 8
1741574225.240721, 92.2, 1006.63, 8
1741574226.2414281, 93.2, 973.08, 8
1741574227.2427187, 94.2, 947.91, 7
1741574228.2440963, 95.2, 947.91, 7
1741574229.245412, 96.2, 947.91, 7
1741574230.2469482, 97.2, 989.86, 8
1741574231.2483814, 98.2, 1048.58, 8
1741574232.2494545, 99.2, 855.64, 8
1741574233.2508278, 100.2, 671.09, 7
1741574234.2518008, 101.3, 625.33, 7
1741574235.2534008, 102.3, 805.31, 7
1741574236.2536995, 103.3, 1124.07, 9
1741574237.2548354, 104.3, 1040.19, 9
1741574238.2559807, 105.3, 939.52, 9
1741574239.2566438, 106.3, 939.52, 10
1741574240.2576928, 107.3, 1040.19, 10
1741574241.2588649, 108.3, 1040.19, 10
1741574242.2608855, 109.3, 1056.96, 11
1741574243.2613766, 110.3, 754.97, 11
1741574244.2628706, 111.3, 805.31, 11
1741574245.2643373, 112.3, 872.42, 8
1741574246.2655141, 113.3, 872.42, 8
1741574247.2667675, 114.3, 1006.63, 8
1741574248.2682078, 115.3, 931.14, 7
1741574249.269643, 116.3, 931.14, 7
1741574250.270936, 117.3, 922.75, 7
1741574251.2722843, 118.3, 788.53, 6
1741574252.2735064, 119.3, 788.53, 6
1741574253.274938, 120.3, 805.31, 6
1741574254.2762215, 121.3, 905.97, 7
1741574255.2774994, 122.3, 939.52, 7
1741574256.2788153, 123.3, 922.75, 7
1741574257.2802012, 124.3, 1023.41, 8
1741574258.2815692, 125.3, 1056.96, 8
1741574259.2828875, 126.3, 1073.74, 8
1741574260.2833936, 127.3, 1073.74, 9
1741574261.2844427, 128.3, 1056.96, 9
1741574262.2855804, 129.3, 989.86, 9
1741574263.2877028, 130.3, 847.25, 8
1741574264.289287, 131.3, 1031.8, 8
1741574265.289535, 132.3, 1056.96, 8
1741574266.2909787, 133.3, 889.19, 7
1741574267.2922516, 134.3, 855.64, 7
1741574268.2937515, 135.3, 822.08, 7
1741574269.2948844, 136.3, 1006.63, 8
1741574270.296284, 137.3, 1056.96, 8
1741574271.2974994, 138.3, 1073.74, 8
1741574272.297961, 139.3, 1040.19, 10
1741574273.2990994, 140.3, 838.86, 10
1741574274.3003137, 141.3, 956.3, 10
1741574275.3006542, 142.3, 1056.96, 9
1741574276.3016627, 143.3, 922.75, 9
1741574277.3028529, 144.3, 771.75, 9
1741574278.3049617, 145.3, 872.42, 10
1741574279.3054185, 146.3, 872.42, 10
1741574280.3068962, 147.3, 1006.63, 10
1741574281.3084383, 148.3, 872.42, 11
1741574282.3095882, 149.3, 905.97, 11
1741574283.3108199, 150.3, 973.08, 11
1741574284.3114479, 151.3, 947.91, 10
1741574285.3134546, 152.3, 1015.02, 10
1741574286.3147118, 153.3, 989.86, 10
1741574287.3152716, 154.3, 939.52, 9
1741574288.3173585, 155.3, 822.08, 9
1741574289.3186595, 156.3, 872.42, 9
1741574290.3200607, 157.3, 872.42, 10
1741574291.3213508, 158.3, 1023.41, 10
1741574292.3227026, 159.3, 905.97, 10
1741574293.3239977, 160.3, 838.86, 11
1741574294.3254068, 161.3, 956.3, 11
1741574295.326824, 162.3, 922.75, 11
1741574296.3273234, 163.3, 1006.63, 10
1741574297.3285556, 164.3, 855.64, 10
1741574298.329603, 165.3, 738.2, 10
1741574299.330884, 166.3, 721.42, 11
1741574300.3318884, 167.3, 905.97, 11
1741574301.3326178, 168.3, 838.86, 11
1741574302.3338575, 169.3, 989.86, 12
1741574303.3359277, 170.3, 939.52, 12
1741574304.3372538, 171.3, 939.52, 12
1741574305.3387926, 172.3, 1174.41, 13
1741574306.3400326, 173.3, 939.52, 13
1741574307.3415208, 174.3, 989.86, 13
1741574308.34287, 175.3, 1006.63, 14
1741574309.3444085, 176.3, 822.08, 14
1741574310.3458555, 177.3, 956.3, 14
1741574311.3469806, 178.3, 1040.19, 13
1741574312.3481228, 179.3, 1073.74, 13
1741574313.3494632, 180.3, 1224.74, 13
1741574314.350861, 181.3, 1040.19, 9
1741574315.3523545, 182.4, 854.11, 9
1741574316.3534808, 183.4, 1107.3, 9
1741574317.354755, 184.4, 855.64, 10
1741574318.356276, 185.4, 956.3, 10
1741574319.3578286, 186.4, 822.08, 10
1741574320.3591619, 187.4, 822.08, 9
1741574321.3605018, 188.4, 1090.52, 9
1741574322.3615527, 189.4, 1040.19, 9
1741574323.3629801, 190.4, 947.91, 7
1741574324.3642883, 191.4, 939.52, 7
1741574325.3655517, 192.4, 922.75, 7
1741574326.3670201, 193.4, 989.86, 8