1741512810.9474065, 0.1, 0.0, 1
1741512811.897096, 1.1, 0.0, 1
1741512812.9011302, 2.1, 0.0, 1
1741512813.8985047, 3.1, 0.0, 1
1741512814.9052672, 4.1, 0.0, 2
1741512815.9116824, 5.1, 0.0, 2
1741512816.9105594, 6.1, 0.0, 2
1741512817.9172761, 7.1, 106.69, 4
1741512818.9167333, 8.1, 157.29, 4
1741512819.9184844, 9.1, 157.29, 4
1741512820.9277103, 10.1, 263.98, 8
1741512821.921713, 11.1, 314.57, 8
1741512822.924219, 12.1, 260.31, 8
1741512823.92776, 13.1, 398.72, 9
1741512824.9283636, 14.1, 629.15, 9
1741512825.9311974, 15.1, 574.88, 9
1741512826.9377673, 16.1, 721.68, 9
1741512827.9397922, 17.1, 954.99, 9
1741512828.943703, 18.1, 839.91, 9
1741512829.9433622, 19.1, 662.7, 13
1741512830.9428744, 20.1, 991.43, 13
1741512831.9479218, 21.1, 887.62, 13
1741512832.9493773, 22.1, 794.82, 12
1741512833.950127, 23.1, 974.65, 12
1741512834.9517293, 24.1, 989.59, 12
1741512835.954968, 25.1, 784.6, 11
1741512836.9562194, 26.1, 932.45, 11
1741512837.9589684, 27.1, 943.72, 11
1741512838.9596183, 28.1, 749.99, 10
1741512839.9620278, 29.1, 1036.26, 10
1741512840.961578, 30.1, 963.38, 10
1741512841.9638536, 31.1, 800.59, 9
1741512842.9901721, 32.1, 1013.71, 9
1741512843.974895, 33.1, 969.15, 9
1741512844.9767582, 34.1, 934.28, 8
1741512845.9788501, 35.1, 977.27, 8
1741512846.9811723, 36.1, 954.99, 8
1741512847.9832995, 37.1, 975.7, 7
1741512848.9852169, 38.1, 976.49, 7
1741512849.9873793, 39.1, 943.72, 7
1741512851.005991, 40.1, 908.33, 6
1741512851.989439, 41.1, 942.67, 6
1741512852.9978368, 42.1, 950.27, 6
1741512854.0193055, 43.2, 856.26, 5
1741512855.0243943, 44.2, 806.09, 5
1741512856.034382, 45.2, 786.43, 5
1741512857.0464232, 46.2, 812.65, 6
1741512858.0746522, 47.2, 939.0, 6
1741512859.049754, 48.2, 943.72, 6
1741512860.06209, 49.2, 956.83, 6
1741512861.0862744, 50.2, 1070.07, 7
1741512862.0955143, 51.3, 866.51, 7
1741512863.161848, 52.3, 990.38, 7
1741512864.1418102, 53.3, 941.88, 6
1741512865.103284, 54.3, 920.39, 6
1741512866.2345843, 55.3, 952.11, 6
1741512867.1484606, 56.3, 867.96, 5
1741512868.1098464, 57.3, 792.99, 5
1741512869.1209738, 58.3, 812.65, 5
1741512870.1464214, 59.3, 853.8, 6
1741512871.1461644, 60.3, 956.83, 6
1741512872.1501493, 61.3, 943.72, 6
1741512873.1540608, 62.3, 941.88, 6
1741512874.1472404, 63.3, 950.27, 6
1741512875.1502674, 64.3, 937.16, 6
1741512876.154036, 65.3, 937.16, 5
1741512877.1903908, 66.3, 786.43, 5
1741512878.1618795, 67.3, 786.43, 5
1741512879.1642118, 68.3, 778.04, 6
1741512880.1785028, 69.3, 973.6, 6
1741512881.1686156, 70.3, 937.16, 6
1741512882.1941345, 71.3, 943.72, 7
1741512883.2184443, 72.3, 1050.41, 7
1741512884.19408, 73.3, 989.59, 7
1741512885.1924326, 74.4, 881.76, 7
1741512886.1950142, 75.4, 925.89, 6
1741512887.2301664, 76.4, 917.5, 6
1741512888.2269511, 77.4, 943.72, 6
1741512889.2157323, 78.4, 841.74, 5
1741512890.217848, 79.4, 792.99, 5
1741512891.2262485, 80.4, 799.54, 5
1741512892.2204347, 81.4, 945.55, 6
1741512893.2559154, 82.4, 943.72, 6
1741512894.226988, 83.4, 948.44, 6
1741512895.2941082, 84.4, 1034.42, 7
1741512896.2867699, 85.4, 1007.42, 7
1741512897.290205, 86.4, 965.21, 7
1741512898.292776, 87.4, 916.72, 6
1741512899.2936118, 88.5, 859.59, 6
1741512900.2969427, 89.5, 941.88, 6
1741512901.305821, 90.5, 981.99, 7
1741512902.3470101, 91.5, 1072.96, 7
1741512903.398888, 92.6, 881.76, 7
1741512904.405649, 93.6, 952.11, 6
1741512905.410001, 94.6, 904.4, 6
1741512906.4290166, 95.6, 1007.42, 6
1741512907.4350138, 96.6, 896.01, 5
1741512908.4333389, 97.6, 797.7, 5
1741512909.438058, 98.6, 786.43, 5
1741512910.438918, 99.6, 834.14, 6
1741512911.4459515, 100.6, 989.59, 6
1741512912.4452372, 101.6, 956.83, 6
1741512913.4529924, 102.6, 969.93, 7
1741512914.451757, 103.6, 991.43, 7
1741512915.4510465, 104.6, 924.06, 7
1741512916.4564903, 105.6, 1009.25, 6
1741512917.457303, 106.6, 937.16, 6
1741512918.4616616, 107.6, 917.5, 6
1741512919.4615488, 108.6, 954.99, 5
1741512920.4637604, 109.6, 794.82, 5
1741512921.4656405, 110.6, 807.14, 5
1741512922.469672, 111.6, 814.48, 6
1741512923.4775634, 112.6, 965.21, 6
1741512924.4742057, 113.6, 961.54, 6
1741512925.4825776, 114.6, 932.45, 7
1741512926.4948642, 115.6, 1011.09, 7
1741512927.4827545, 116.6, 950.27, 7
1741512928.4862382, 117.6, 987.76, 7
1741512929.4867868, 118.6, 909.12, 6
1741512930.487861, 119.6, 947.39, 6
1741512931.5021162, 120.6, 963.38, 6
1741512932.498229, 121.7, 738.77, 5
1741512933.5289326, 122.7, 845.41, 5
1741512934.5307755, 123.7, 779.88, 5
1741512935.5501425, 124.7, 891.29, 6
1741512936.5621305, 125.7, 991.43, 6
1741512937.564558, 126.7, 941.88, 6
1741512938.5625236, 127.7, 1015.81, 7
1741512939.5620036, 128.7, 984.88, 7
1741512940.5638998, 129.7, 963.38, 7
1741512941.570233, 130.7, 947.39, 6
1741512942.5689843, 131.7, 915.67, 6
1741512943.5741208, 132.7, 974.65, 6
1741512944.595623, 133.8, 796.68, 5
1741512945.6020217, 134.8, 799.54, 5
1741512946.5973043, 135.8, 784.6, 5
1741512947.662134, 136.8, 881.85, 6
1741512948.6144693, 137.8, 956.83, 6
1741512949.630146, 138.8, 977.53, 6
1741512950.622359, 139.8, 952.11, 6
1741512951.6297233, 140.8, 956.83, 6
1741512952.62688, 141.8, 956.83, 6
1741512953.6265955, 142.8, 889.45, 5
1741512954.6342258, 143.8, 799.54, 5
1741512955.6834471, 144.8, 819.2, 5
1741512956.6828094, 145.8, 858.52, 6
1741512957.6942184, 146.8, 965.21, 6
1741512958.705842, 147.9, 851.97, 6
1741512959.7008276, 148.9, 984.88, 7
1741512960.7039547, 149.9, 1028.92, 7
1741512961.706905, 150.9, 952.11, 7
1741512962.707153, 151.9, 953.94, 8
1741512963.7105956, 152.9, 1004.54, 8
1741512964.7112067, 153.9, 928.78, 8
1741512965.713379, 154.9, 971.77, 6
1741512966.714907, 155.9, 925.89, 6
1741512967.7172883, 156.9, 926.94, 6
1741512968.7189343, 157.9, 950.27, 5
1741512969.7218935, 158.9, 810.81, 5
1741512970.724207, 159.9, 798.75, 5
1741512971.7278824, 160.9, 776.99, 6
1741512972.7287056, 161.9, 952.11, 6
1741512973.7311661, 162.9, 956.83, 6
1741512974.7333486, 163.9, 956.83, 7
1741512975.7348564, 164.9, 1070.07, 7
1741512976.7365553, 165.9, 960.5, 7
1741512977.7394936, 166.9, 945.55, 8
1741512978.7437835, 167.9, 994.31, 8
1741512979.746008, 168.9, 968.1, 8
1741512980.7452068, 169.9, 954.99, 6
1741512981.7479048, 170.9, 925.89, 6
1741512982.750773, 171.9, 924.06, 6
1741512983.7550576, 172.9, 941.88, 6
1741512984.7586262, 173.9, 828.64, 5
1741512985.7638166, 174.9, 806.09, 5
1741512986.7649317, 175.9, 815.53, 5
1741512987.7691505, 176.9, 932.45, 6
1741512988.7702065, 177.9, 963.38, 6
1741512989.7750347, 178.9, 948.44, 6
1741512990.777609, 179.9, 1032.59, 7
1741512991.7787542, 180.9, 980.16, 7
1741512992.7793214, 181.9, 937.16, 7
1741512993.7816038, 182.9, 956.83, 6
1741512994.7828648, 183.9, 932.45, 6
1741512995.7859123, 184.9, 956.83, 6
1741512996.788724, 185.9, 851.18, 5
1741512997.7910979, 186.9, 821.04, 5
1741512998.793577, 188.0, 714.94, 5
1741512999.797642, 189.0, 906.23, 6
1741513000.7985854, 190.0, 937.16, 6
1741513001.8008566, 191.0, 937.16, 6
1741513002.8027937, 192.0, 1055.13, 7
1741513003.8048096, 193.0, 928.78, 7
1741513004.8064387, 194.0, 905.45, 7
1741513005.808654, 195.0, 614.2, 7
1741513006.8105369, 196.0, 382.99, 7
