1741513119.681901, 0.1, 0.0, 0
1741513120.594154, 1.1, 0.0, 0
1741513121.5974257, 2.1, 0.0, 0
1741513122.5995848, 3.1, 0.0, 0
1741513123.6013458, 4.1, 0.0, 0
1741513124.6075249, 5.1, 0.0, 0
1741513125.6050742, 6.1, 0.0, 0
1741513126.6067324, 7.1, 106.69, 1
1741513127.6130304, 8.1, 157.29, 1
1741513128.6141906, 9.1, 157.29, 1
1741513129.6170368, 10.1, 244.32, 2
1741513130.6181853, 11.1, 314.57, 2
1741513131.6220872, 12.1, 260.31, 2
1741513132.6259005, 13.1, 351.01, 3
1741513133.6263263, 14.1, 471.86, 3
1741513134.6297052, 15.1, 484.97, 3
1741513135.6344519, 16.1, 645.92, 5
1741513136.6355798, 17.1, 786.43, 5
1741513137.6374078, 18.1, 764.94, 5
1741513138.6498363, 19.1, 803.21, 6
1741513139.6430154, 20.1, 948.44, 6
1741513140.6870408, 21.1, 930.61, 6
1741513141.6900675, 22.1, 909.9, 7
1741513142.6934702, 23.2, 897.96, 7
1741513143.699035, 24.2, 928.78, 7
1741513144.7124348, 25.2, 968.1, 6
1741513145.702419, 26.2, 939.0, 6
1741513146.7070024, 27.2, 952.11, 6
1741513147.7060704, 28.2, 935.33, 5
1741513148.708974, 29.2, 817.36, 5
1741513149.7152922, 30.2, 779.88, 5
1741513150.713866, 31.2, 705.95, 6
1741513151.7161722, 32.2, 940.83, 6
1741513152.7184067, 33.2, 943.72, 6
1741513153.7355769, 34.2, 969.93, 6
1741513154.7216554, 35.2, 1012.92, 7
1741513155.7298594, 36.2, 940.05, 7
1741513156.7383075, 37.2, 874.51, 7
1741513157.7460089, 38.2, 842.53, 6
1741513158.7470813, 39.2, 961.54, 6
1741513159.747682, 40.2, 804.26, 6
1741513160.758314, 41.2, 716.18, 6
1741513161.762614, 42.2, 952.11, 6
1741513162.761223, 43.2, 835.19, 6
1741513163.758432, 44.2, 701.24, 5
1741513164.7639785, 45.2, 794.82, 5
1741513165.7645218, 46.2, 799.54, 5
1741513166.7702951, 47.2, 866.91, 6
1741513167.7693737, 48.2, 956.83, 6
1741513168.7726557, 49.2, 950.27, 6
1741513169.7778556, 50.2, 937.16, 7
1741513170.7784548, 51.2, 1050.41, 7
1741513171.7819722, 52.2, 969.93, 7
1741513172.7861135, 53.2, 943.72, 7
1741513173.79117, 54.2, 940.05, 6
1741513174.806023, 55.3, 873.18, 6
1741513175.7963443, 56.3, 974.65, 6
1741513176.8057504, 57.3, 784.6, 5
1741513177.8258944, 58.3, 806.09, 5
1741513178.8007076, 59.3, 792.99, 5
1741513179.8428106, 60.3, 930.61, 6
1741513180.8700967, 61.3, 952.11, 6
1741513181.8542402, 62.3, 956.83, 6
1741513182.8418813, 63.3, 1050.41, 7
1741513183.841643, 64.3, 963.38, 7
1741513184.8425176, 65.3, 960.5, 7
1741513185.8433154, 66.3, 922.22, 6
1741513186.8451774, 67.3, 971.77, 6
1741513187.8468215, 68.3, 928.78, 6
1741513188.8546293, 69.3, 898.89, 5
1741513189.8581896, 70.3, 812.65, 5
1741513190.907941, 71.4, 731.14, 5
1741513191.9141238, 72.4, 881.85, 6
1741513192.911249, 73.4, 950.27, 6
1741513193.9465086, 74.4, 963.38, 6
1741513195.0468981, 75.5, 1060.49, 7
1741513196.04905, 76.5, 996.15, 7
1741513197.0533385, 77.5, 945.55, 7
1741513198.062013, 78.5, 950.27, 6
1741513199.0740376, 79.5, 960.5, 6
1741513200.0824008, 80.5, 920.39, 6
1741513201.09022, 81.5, 922.22, 5
1741513202.089889, 82.5, 799.54, 5
1741513203.1622033, 83.6, 777.14, 5
1741513204.1501634, 84.6, 862.19, 6
1741513205.1547663, 85.6, 943.72, 6
1741513206.1547325, 86.6, 930.61, 6
1741513207.1592207, 87.6, 1024.2, 7
1741513208.1611118, 88.6, 987.76, 7
1741513209.163606, 89.6, 962.33, 7
1741513210.1660838, 90.6, 940.05, 6
1741513211.1673863, 91.6, 965.21, 6
1741513212.1744363, 92.6, 956.83, 6
1741513213.1714423, 93.6, 928.78, 5
1741513214.1860266, 94.6, 792.99, 5
1741513215.2664464, 95.6, 786.43, 5
1741513216.1980634, 96.7, 758.31, 6
1741513217.1937284, 97.7, 969.93, 6
1741513218.1951275, 98.7, 937.16, 6
1741513219.2101982, 99.7, 965.21, 7
1741513220.199166, 100.7, 1035.47, 7
1741513221.2017794, 101.7, 943.72, 7
1741513222.2039347, 102.7, 981.2, 6
1741513223.2042196, 103.7, 934.28, 6
1741513224.2104564, 104.7, 956.83, 6
1741513225.2080016, 105.7, 946.6, 5
1741513226.258042, 106.7, 797.7, 5
1741513227.25011, 107.7, 786.43, 5
1741513228.2340155, 108.7, 799.54, 6
1741513229.270062, 109.7, 965.21, 6
1741513230.2717376, 110.7, 983.04, 6
1741513231.2746925, 111.7, 943.72, 6
1741513232.2820024, 112.7, 991.43, 7
1741513233.3341618, 113.8, 923.46, 7
1741513234.327217, 114.8, 963.38, 7
1741513235.3312888, 115.8, 941.88, 6
1741513236.3507156, 116.8, 932.45, 6
1741513237.342054, 117.8, 943.72, 6
1741513238.362977, 118.8, 873.46, 5
1741513239.3652792, 119.8, 779.88, 5
1741513240.3983197, 120.8, 804.26, 5
1741513241.3670735, 121.8, 908.07, 6
1741513242.3820984, 122.8, 943.72, 6
1741513243.417942, 123.8, 943.72, 6
1741513244.379103, 124.8, 1063.52, 7
1741513245.3832366, 125.8, 968.1, 7
1741513246.3865259, 126.8, 973.6, 7
1741513247.3863826, 127.8, 949.22, 6
1741513248.4028862, 128.9, 886.05, 6
1741513249.3961933, 129.9, 924.06, 6
1741513250.3966842, 130.9, 976.49, 7
1741513251.397318, 131.9, 961.54, 7
1741513252.406617, 132.9, 960.5, 7
1741513253.4018822, 133.9, 943.72, 6
1741513254.4040532, 134.9, 963.38, 6
1741513255.4118562, 135.9, 959.71, 6
1741513256.4302607, 136.9, 833.36, 5
1741513257.4548988, 137.9, 868.75, 5
1741513258.4582639, 138.9, 784.6, 5
1741513259.4592152, 139.9, 873.46, 6
1741513260.4780142, 140.9, 943.72, 6
1741513261.478972, 141.9, 956.83, 6
1741513262.4777026, 142.9, 1004.54, 7
1741513263.4868608, 143.9, 963.38, 7
1741513264.48641, 144.9, 960.5, 7
1741513265.4855778, 145.9, 946.6, 6
1741513266.487121, 146.9, 919.34, 6
1741513267.4950492, 148.0, 857.93, 6
1741513268.4965668, 149.0, 1015.81, 2
1741513269.4998035, 150.0, 368.05, 2
1741513270.5065994, 151.0, 314.57, 2
1741513271.5062656, 152.0, 362.28, 3
1741513272.51164, 153.0, 471.86, 3
1741513273.5131989, 154.0, 484.97, 3
1741513274.516097, 155.0, 456.92, 2
1741513275.5208228, 156.0, 314.57, 2
1741513276.5266373, 157.0, 314.57, 2
1741513277.5268285, 158.0, 342.62, 3
1741513278.5293446, 159.0, 484.97, 3
1741513279.5363884, 160.0, 498.07, 3
1741513280.5396252, 161.0, 479.46, 4
1741513281.542119, 162.0, 661.91, 4
1741513282.5467591, 163.0, 637.53, 4
1741513283.5463555, 164.0, 642.25, 5
1741513284.5521717, 165.0, 794.82, 5
1741513285.5536559, 166.0, 779.88, 5
1741513286.5565352, 167.0, 779.88, 6
1741513287.5552442, 168.0, 958.66, 6
1741513288.5597744, 169.0, 956.83, 6
1741513289.5612552, 170.0, 956.83, 7
1741513290.5642538, 171.0, 999.82, 7
1741513291.5638204, 172.0, 959.71, 7
1741513292.566443, 173.0, 968.1, 7
1741513293.5690055, 174.0, 952.11, 6
1741513294.5734086, 175.0, 976.49, 6
1741513295.5754728, 176.0, 954.99, 6
1741513296.5787978, 177.0, 828.64, 5
1741513297.5810173, 178.0, 797.7, 5
1741513298.5826514, 179.0, 788.27, 5
1741513299.5914736, 180.0, 919.34, 6
1741513300.5895708, 181.0, 931.66, 6
1741513301.590718, 182.1, 869.84, 6
1741513302.5927775, 183.1, 1024.2, 7
1741513303.5951219, 184.1, 984.88, 7
1741513304.597499, 185.1, 919.34, 7
1741513305.6019156, 186.1, 976.49, 8
1741513306.6029673, 187.1, 971.77, 8
1741513307.6047115, 188.1, 976.49, 8
1741513308.6062503, 189.1, 941.88, 7
1741513309.6105354, 190.1, 965.21, 7
1741513310.6116543, 191.1, 945.55, 7
1741513311.6163483, 192.1, 924.32, 6
1741513312.6169713, 193.1, 975.44, 6
1741513313.6193938, 194.1, 961.54, 6
1741513314.6217308, 195.1, 872.68, 5
1741513315.6255925, 196.1, 786.43, 5
1741513316.6277692, 197.1, 786.43, 5
1741513317.62905, 198.1, 886.57, 6
1741513318.6360416, 199.1, 946.6, 6
1741513319.6372347, 200.1, 973.6, 6
1741513320.6402485, 201.1, 648.02, 2
1741513321.6434166, 202.1, 219.15, 2
1741513322.6479208, 203.1, 0.0, 2
