1741512810.9500484, 0.1, 0.0, 1
1741512811.8975987, 1.1, 134.22, 1
1741512812.8977566, 2.1, 134.22, 1
1741512813.8962817, 3.1, 134.22, 1
1741512814.8979497, 4.1, 268.44, 2
1741512815.89881, 5.1, 268.44, 2
1741512816.899162, 6.1, 268.44, 2
1741512817.89965, 7.1, 503.32, 4
1741512818.907008, 8.1, 536.87, 4
1741512819.9044647, 9.1, 536.87, 4
1741512820.9049306, 10.1, 771.75, 6
1741512821.9061198, 11.1, 805.31, 6
1741512822.9066114, 12.1, 805.31, 6
1741512823.9075136, 13.1, 905.97, 7
1741512824.9089527, 14.1, 939.52, 7
1741512825.9106293, 15.1, 939.52, 7
1741512826.9155197, 16.1, 939.52, 7
1741512827.916544, 17.1, 939.52, 7
1741512828.9188082, 18.1, 939.52, 7
1741512829.920153, 19.1, 872.42, 6
1741512830.9214313, 20.1, 805.31, 6
1741512831.9198842, 21.1, 805.31, 6
1741512832.9216342, 22.1, 889.19, 7
1741512833.9252005, 23.1, 939.52, 7
1741512834.9255838, 24.1, 939.52, 7
1741512835.9345095, 25.1, 1006.63, 8
1741512836.9269133, 26.1, 1073.74, 8
1741512837.9287384, 27.1, 1090.52, 8
1741512838.9296358, 28.1, 1140.85, 9
1741512839.9431698, 29.1, 1207.96, 9
1741512840.9375677, 30.1, 1207.96, 9
1741512841.9386795, 31.1, 1224.74, 9
1741512842.9425485, 32.1, 1191.18, 9
1741512843.9423423, 33.1, 1207.96, 9
1741512844.9429479, 34.1, 1191.18, 8
1741512845.9438381, 35.1, 1073.74, 8
1741512846.9443388, 36.1, 1073.74, 8
1741512847.9475074, 37.1, 1107.3, 9
1741512848.954142, 38.1, 1199.57, 9
1741512849.9480662, 39.1, 1216.35, 9
1741512850.9495654, 40.1, 1241.51, 10
1741512851.9553843, 41.1, 1342.18, 10
1741512852.9579873, 42.1, 1342.18, 10
1741512853.9516275, 43.1, 1367.34, 11
1741512854.9609141, 44.1, 1484.78, 11
1741512855.9577265, 45.1, 1476.4, 11
1741512856.9592466, 46.1, 1468.01, 11
1741512857.969927, 47.1, 1484.78, 11
1741512858.9591572, 48.1, 1476.4, 11
1741512860.0099003, 49.1, 1476.4, 11
1741512860.960982, 50.1, 1560.28, 12
1741512861.9666646, 51.1, 1610.61, 12
1741512862.9696074, 52.1, 1610.61, 12
1741512863.9816, 53.1, 1694.5, 13
1741512864.9750633, 54.1, 1744.83, 13
1741512865.977652, 55.1, 1753.22, 13
1741512867.0099945, 56.1, 1803.55, 14
1741512867.994054, 57.1, 1862.27, 14
1741512868.9976735, 58.1, 1895.83, 14
1741512870.0058367, 59.1, 1895.83, 15
1741512870.9897134, 60.1, 2021.65, 15
1741512872.061917, 61.1, 2021.65, 15
1741512873.005831, 62.1, 1996.49, 15
1741512874.097762, 63.2, 1830.24, 15
1741512875.0020678, 64.2, 2013.27, 15
1741512875.9967391, 65.2, 1962.93, 14
1741512877.0054295, 66.2, 1879.05, 14
1741512878.0143175, 67.2, 1879.05, 14
1741512879.0059183, 68.2, 1862.27, 14
1741512880.005574, 69.2, 1744.83, 13
1741512881.0177577, 70.2, 1744.83, 13
1741512882.0125914, 71.2, 1744.83, 13
1741512883.01348, 72.2, 1853.88, 14
1741512884.0147307, 73.2, 1887.44, 14
1741512885.0422294, 74.2, 1879.05, 14
1741512886.0173128, 75.2, 1459.62, 15
1741512887.0175552, 76.2, 956.3, 15
1741512888.0183852, 77.2, 939.52, 15
1741512889.0215557, 78.2, 603.98, 10
1741512890.023566, 79.2, 0.0, 10
1741512891.0225465, 80.2, 1166.02, 10
1741512892.030309, 81.2, 1350.57, 11
1741512893.033869, 82.2, 1342.18, 11
1741512894.0298383, 83.2, 1342.18, 11
1741512895.0300257, 84.2, 1342.18, 16
1741512896.031653, 85.2, 1342.18, 16
1741512897.0335577, 86.2, 520.09, 16
1741512898.0379038, 87.2, 0.0, 15
1741512899.0357523, 88.2, 0.0, 15
1741512900.045633, 89.2, 184.55, 15
1741512901.038102, 90.2, 2197.82, 20
1741512902.042408, 91.2, 2667.58, 20
1741512903.0419338, 92.2, 2667.58, 20
1741512904.0413296, 93.2, 2650.8, 20
1741512905.0426679, 94.2, 2642.41, 20
1741512906.0506837, 95.2, 2692.74, 20
1741512907.0562682, 96.2, 1073.74, 20
1741512908.0592813, 97.2, 0.0, 15
1741512909.0602381, 98.2, 0.0, 15
1741512910.0602038, 99.2, 0.0, 15
1741512911.0629714, 100.2, 0.0, 7
1741512912.0641809, 101.2, 0.0, 7
1741512913.0660233, 102.2, 0.0, 7
1741512914.0685906, 103.2, 0.0, 3
1741512915.072225, 104.2, 0.0, 3
1741512916.0683072, 105.2, 0.0, 3
1741512917.0721178, 106.2, 0.0, 1
1741512918.0717776, 107.2, 33.55, 1
1741512919.0744386, 108.2, 134.22, 1
1741512920.074865, 109.2, 234.88, 2
1741512921.0746455, 110.2, 268.44, 2
1741512922.0788178, 111.2, 268.44, 2
1741512923.0780532, 112.2, 671.09, 6
1741512924.0803237, 113.2, 805.31, 6
1741512925.0800579, 114.2, 805.31, 6
1741512926.0800154, 115.2, 973.08, 8
1741512927.0832615, 116.2, 1073.74, 8
1741512928.0832376, 117.2, 1073.74, 8
1741512929.0836585, 118.2, 1157.63, 9
1741512930.0936227, 119.2, 1207.96, 9
1741512931.0936027, 120.2, 1207.96, 9
1741512932.112933, 121.2, 1275.07, 10
1741512933.1055315, 122.3, 1220.16, 10
1741512934.0977886, 123.3, 1342.18, 10
1741512935.1099696, 124.3, 1375.73, 11
1741512936.1047285, 125.3, 1476.4, 11
1741512937.1063106, 126.3, 1409.29, 11
1741512938.1136074, 127.3, 1275.07, 12
1741512939.1081598, 128.3, 805.31, 12
1741512940.1102488, 129.3, 805.31, 12
1741512941.1117659, 130.3, 771.75, 7
1741512942.1140873, 131.3, 0.0, 7
1741512943.1141572, 132.3, 587.2, 7
1741512944.1183708, 133.3, 973.08, 8
1741512945.1191516, 134.3, 1073.74, 8
1741512946.1311872, 135.3, 1073.74, 8
1741512947.1337984, 136.3, 1157.63, 13
1741512948.135058, 137.3, 1744.83, 13
1741512949.128189, 138.3, 1409.29, 13
1741512950.135421, 139.3, 805.31, 13
1741512951.138245, 140.3, 671.09, 13
1741512952.1455991, 141.3, 671.09, 13
1741512953.1437001, 142.3, 671.09, 13
1741512954.1464884, 143.3, 352.32, 8
1741512955.147279, 144.3, 1073.74, 8
1741512956.152301, 145.3, 1073.74, 8
1741512957.1483414, 146.3, 838.86, 6
1741512958.1501591, 147.3, 805.31, 6
1741512959.1501875, 148.3, 805.31, 6
1741512960.1516263, 149.3, 838.86, 7
1741512961.1523108, 150.3, 939.52, 7
1741512962.1537778, 151.3, 939.52, 7
1741512963.1565812, 152.3, 939.52, 8
1741512964.1545177, 153.3, 872.42, 8
1741512965.1567802, 154.3, 671.09, 8
1741512966.1570704, 155.3, 905.97, 7
1741512967.1585195, 156.3, 436.21, 2
1741512968.1597319, 157.3, 268.44, 2
1741512969.159764, 158.3, 268.44, 2
1741512970.161347, 159.3, 268.44, 2
1741512971.1630392, 160.3, 268.44, 2
1741512972.1639304, 161.3, 100.66, 0
1741512973.1670825, 162.3, 0.0, 0
1741512974.166393, 163.3, 0.0, 0
1741512975.1674767, 164.3, 0.0, 0
1741512976.1688464, 165.3, 0.0, 0
1741512977.1702743, 166.3, 0.0, 0
1741512978.1708858, 167.3, 0.0, 0
1741512979.1719089, 168.3, 0.0, 0
1741512980.1732323, 169.3, 0.0, 0
1741512981.1742969, 170.3, 0.0, 0
1741512982.1744814, 171.3, 0.0, 0
1741512983.1765168, 172.3, 0.0, 0
1741512984.178053, 173.3, 0.0, 0
1741512985.180471, 174.3, 0.0, 0
1741512986.1803026, 175.3, 0.0, 0
1741512987.1820781, 176.3, 0.0, 0
1741512988.1844907, 177.3, 0.0, 0
1741512989.1850474, 178.3, 0.0, 0
1741512990.186824, 179.3, 0.0, 0
1741512991.1881425, 180.3, 0.0, 0
1741512992.1887667, 181.3, 0.0, 0
1741512993.1910863, 182.3, 0.0, 0
1741512994.190592, 183.3, 0.0, 0
1741512995.191662, 184.4, 0.0, 0
1741512996.1926103, 185.4, 0.0, 0
1741512997.194951, 186.4, 0.0, 0
1741512998.1946402, 187.4, 0.0, 0
1741512999.1959076, 188.4, 0.0, 0
1741513000.198971, 189.4, 0.0, 0
1741513001.2003536, 190.4, 0.0, 0
1741513002.2012508, 191.4, 0.0, 0
1741513003.2034256, 192.4, 0.0, 0
1741513004.2040894, 193.4, 0.0, 0
1741513005.20399, 194.4, 0.0, 0
1741513006.2051024, 195.4, 0.0, 0
1741513007.208392, 196.4, 0.0, 0
