1741590736.9819195, 0.1, 680.24, 18
1741590737.9820852, 1.1, 1105.14, 18
1741590738.9839556, 2.1, 961.3, 18
1741590739.9860039, 3.1, 905.46, 6
1741590740.9885154, 4.1, 479.05, 6
1741590741.9914098, 5.1, 481.69, 6
1741590742.9955266, 6.1, 491.52, 8
1741590743.9983275, 7.1, 638.98, 8
1741590745.0017798, 8.1, 638.98, 8
1741590746.0024378, 9.1, 629.15, 8
1741590747.0042484, 10.1, 963.02, 16
1741590748.0075743, 11.1, 968.66, 16
1741590749.0093467, 12.1, 942.12, 16
1741590750.009201, 13.1, 1006.88, 19
1741590751.0103621, 14.1, 976.47, 19
1741590752.0117586, 15.1, 1007.87, 19
1741590753.0148854, 16.1, 965.94, 12
1741590754.0164747, 17.1, 705.31, 12
1741590755.0167031, 18.1, 766.77, 12
1741590756.017782, 19.1, 874.91, 12
1741590757.0198233, 20.1, 1021.67, 17
1741590758.021146, 21.1, 969.33, 17
1741590759.022556, 22.1, 933.9, 17
1741590760.0239851, 23.1, 1037.65, 19
1741590761.0250401, 24.1, 959.53, 19
1741590762.0264177, 25.1, 968.59, 19
1741590763.0295382, 26.1, 680.04, 1
1741590764.0326593, 27.1, 78.64, 1
1741590765.0360394, 28.1, 78.64, 1
1741590766.0387464, 29.1, 186.78, 12
1741590767.0392263, 30.1, 952.11, 12
1741590768.0408845, 31.1, 919.73, 12
1741590769.043036, 32.1, 933.89, 12
1741590770.0446975, 33.1, 989.75, 15
1741590771.046121, 34.1, 966.26, 15
1741590772.0474944, 35.1, 952.83, 15
1741590773.0495682, 36.1, 932.12, 13
1741590774.050612, 37.1, 953.77, 13
1741590775.0520918, 38.1, 958.67, 13
1741590776.0564733, 39.1, 586.18, 1
1741590777.059196, 40.1, 78.64, 1
1741590778.0626135, 41.1, 78.64, 1
1741590779.0648317, 42.1, 215.83, 15
1741590780.0663633, 43.1, 978.16, 15
1741590781.0677698, 44.1, 974.58, 15
1741590782.0691986, 45.1, 952.24, 15
1741590783.071878, 46.1, 1017.99, 15
1741590784.073083, 47.1, 1004.06, 15
1741590785.0764027, 48.1, 955.64, 15
1741590786.0785792, 49.1, 508.39, 5
1741590787.0815644, 50.1, 353.89, 5
1741590788.0843558, 51.2, 357.47, 5
1741590789.0857797, 52.2, 772.69, 17
1741590790.0872207, 53.2, 965.57, 17
1741590791.0885417, 54.2, 988.83, 17
1741590792.0918021, 55.2, 968.12, 17
1741590793.093634, 56.2, 953.91, 17
1741590794.0952277, 57.2, 960.92, 17
1741590795.0937836, 58.2, 963.28, 17
1741590796.0981028, 59.2, 883.69, 15
1741590797.099269, 60.2, 928.68, 15
1741590798.0989087, 61.2, 963.69, 15
1741590799.1034122, 62.2, 1017.61, 16
1741590800.1054564, 63.2, 1005.98, 16
1741590801.107189, 64.2, 892.03, 16
1741590802.1091623, 65.2, 696.52, 14
1741590803.110819, 66.2, 566.31, 14
1741590804.1108103, 67.2, 717.62, 14
1741590805.1113548, 68.2, 881.43, 13
1741590806.112735, 69.2, 806.51, 13
1741590807.1142328, 70.2, 765.33, 13
1741590808.1151948, 71.2, 766.77, 13
1741590809.1188114, 72.2, 491.52, 5
1741590810.1223176, 73.2, 321.52, 5
1741590811.1258574, 74.2, 205.0, 5
1741590812.1294558, 75.2, 235.93, 7
1741590813.134213, 76.2, 393.22, 7
1741590814.1362555, 77.2, 521.01, 7
1741590815.1398456, 78.2, 550.5, 8
1741590816.1434023, 79.2, 558.03, 8
1741590817.1455283, 80.2, 550.5, 8
1741590818.1473587, 81.2, 550.5, 8
1741590819.1475751, 82.2, 909.07, 13
1741590820.1501937, 83.2, 968.54, 13
1741590821.1518426, 84.2, 952.11, 13
1741590822.1543937, 85.2, 904.4, 12
1741590823.1554925, 86.2, 840.99, 12
1741590824.1572533, 87.2, 688.13, 12
1741590825.1608028, 88.2, 581.56, 7
1741590826.162514, 89.2, 198.55, 7
1741590827.167111, 90.2, 314.57, 7
1741590828.16873, 91.2, 422.71, 7
1741590829.1721299, 92.2, 688.13, 9
1741590830.1753244, 93.2, 707.79, 9
1741590831.1772065, 94.2, 658.64, 9
1741590832.1796846, 95.2, 390.92, 4
1741590833.1847694, 96.3, 214.48, 4
1741590834.1893604, 97.3, 235.93, 4
1741590835.194969, 98.3, 551.49, 16
1741590836.1967244, 99.3, 965.79, 16
1741590837.1983728, 100.3, 954.42, 16
1741590838.1999352, 101.3, 963.18, 14
1741590839.2005796, 102.3, 976.83, 14
1741590840.201017, 103.3, 952.39, 14
1741590841.2024179, 104.3, 882.87, 14
1741590842.2049396, 105.3, 540.67, 8
1741590843.2065039, 106.3, 452.2, 8
1741590844.2098076, 107.3, 589.82, 8
1741590845.215978, 108.3, 1004.2, 20
1741590846.2174203, 109.3, 972.71, 20
1741590847.2188072, 110.3, 956.58, 20
1741590848.2205803, 111.3, 904.19, 4
1741590849.2228103, 112.3, 246.65, 4
1741590850.226335, 113.3, 294.91, 4
1741590851.2267108, 114.3, 314.57, 4
1741590852.2300441, 115.3, 935.17, 15
1741590853.2314432, 116.3, 960.04, 15
1741590854.232886, 117.3, 967.1, 15
1741590855.2362645, 118.3, 1055.2, 20
1741590856.2376587, 119.3, 960.54, 20
1741590857.239097, 120.3, 954.11, 20
1741590858.2405632, 121.3, 929.83, 17
1741590859.240104, 122.3, 942.62, 17
1741590860.243646, 123.3, 986.65, 17
1741590861.2423282, 124.3, 971.98, 17
1741590862.2446353, 125.3, 713.29, 17
1741590863.2459426, 126.3, 620.76, 17
1741590864.2464643, 127.3, 756.94, 17
1741590865.2478967, 128.3, 1042.69, 18
1741590866.2510707, 129.3, 1059.63, 18
1741590867.2508469, 130.3, 893.06, 18
1741590868.2539546, 131.3, 640.42, 13
1741590869.2557886, 132.3, 431.1, 13
1741590870.2582142, 133.3, 488.3, 13
1741590871.2569942, 134.3, 617.87, 11
1741590872.258829, 135.3, 549.06, 11
1741590873.2630785, 136.3, 647.95, 11
1741590874.2632449, 137.3, 608.32, 11
1741590875.267754, 138.3, 799.23, 15
1741590876.267394, 139.3, 739.96, 15
1741590877.2681057, 140.3, 845.41, 15
1741590878.2707713, 141.3, 1079.2, 19
1741590879.27201, 142.3, 971.03, 19
1741590880.2734869, 143.3, 986.64, 19
1741590881.2754903, 144.3, 619.59, 3
1741590882.2787879, 145.3, 137.63, 3
1741590883.281648, 146.4, 142.99, 3
1741590884.284964, 147.4, 250.25, 14
1741590885.2860897, 148.4, 1005.15, 14
1741590886.2871373, 149.4, 950.22, 14
1741590887.2873025, 150.4, 875.17, 14
1741590888.2912414, 151.4, 501.35, 7
1741590889.2940354, 152.4, 331.35, 7
1741590890.2968493, 153.4, 273.81, 7
1741590891.3028193, 154.4, 102.33, 10
1741590892.3048747, 155.4, 47.71, 10
1741590893.3063076, 156.4, 0.0, 10
1741590894.3095024, 157.4, 0.0, 0
1741590895.3137767, 158.4, 0.0, 0
1741590896.3203588, 159.4, 0.0, 0
1741642822.2607398, 0.1, 98.3, 1
1741642823.2646954, 1.1, 78.64, 1
1741642824.2684894, 2.1, 78.64, 1
1741642825.2731853, 3.1, 88.47, 2
1741642826.2768097, 4.1, 157.29, 2
1741642827.2805393, 5.1, 157.29, 2
1741642828.28668, 6.1, 196.61, 4
1741642829.289817, 7.1, 314.57, 4
1741642830.2932265, 8.1, 314.57, 4
1741642831.2968304, 9.1, 393.22, 8
1741642832.2991543, 10.1, 629.15, 8
1741642833.3020098, 11.1, 629.15, 8
1741642834.3050249, 12.1, 731.08, 14
1741642835.3070366, 13.1, 977.23, 14
1741642836.3091023, 14.1, 975.19, 14
1741642837.310616, 15.1, 1023.66, 18
1741642838.3122861, 16.1, 988.96, 18
1741642839.3139071, 17.1, 952.58, 18
1741642840.315743, 18.1, 945.56, 17
1741642841.3174996, 19.1, 937.47, 17
1741642842.319131, 20.1, 957.43, 17
1741642843.3207955, 21.1, 966.0, 18
1741642844.3225787, 22.1, 1035.62, 18
1741642845.324304, 23.1, 930.52, 18
1741642846.3260763, 24.1, 984.88, 20
1741642847.3274598, 25.1, 958.6, 19
1741642848.3298967, 26.1, 1007.16, 19
1741642849.3314695, 27.1, 946.87, 18
1741642850.3331378, 28.1, 936.36, 18
1741642851.3335598, 29.1, 924.06, 17
1741642852.3339398, 30.1, 1066.91, 17
1741642853.3355467, 31.1, 999.97, 17
1741642854.3368652, 32.1, 954.75, 17
1741642855.3384602, 33.1, 993.71, 17
1741642856.3398051, 34.1, 931.4, 17
1741642857.341261, 35.1, 935.45, 17
1741642858.3427947, 36.1, 946.1, 17
1741642859.3440852, 37.1, 1055.95, 17
1741642860.3455672, 38.1, 924.03, 17
1741642861.3470411, 39.1, 825.75, 15
1741642862.3481834, 40.1, 953.55, 15
1741642863.3507743, 41.1, 1052.49, 15
1741642864.3507724, 42.1, 935.99, 13
1741642865.3522973, 43.1, 856.04, 13
1741642866.3534238, 44.1, 793.38, 13
1741642867.3561518, 45.1, 893.12, 15
1741642868.3566809, 46.1, 874.91, 15
1741642869.3610425, 47.1, 1037.94, 15
1741642870.3603795, 48.2, 921.7, 17
1741642871.362854, 49.2, 963.73, 17
1741642872.3639052, 50.2, 957.04, 17
1741642873.362785, 51.2, 1011.26, 16
1741642874.36404, 52.2, 984.56, 16
1741642875.3664722, 53.2, 950.83, 12
1741642876.3688622, 54.2, 678.3, 12
1741642877.3691745, 55.2, 782.84, 12
1741642878.3705366, 56.2, 886.89, 14
1741642879.3721905, 57.2, 993.45, 14
1741642880.3739533, 58.2, 989.41, 14
1741642881.3757675, 59.2, 981.6, 18
1741642882.3770473, 60.2, 1051.53, 18
1741642883.3784165, 61.2, 990.41, 18
1741642884.3801088, 62.2, 959.15, 17
1741642885.3816671, 63.2, 951.15, 17
1741642886.3852208, 64.2, 950.59, 17
1741642887.3853257, 65.2, 995.54, 18
1741642888.3878794, 66.2, 970.97, 18
1741642889.3897748, 67.2, 964.23, 18
1741642890.3914022, 68.2, 1001.2, 17
1741642891.391104, 69.2, 964.95, 17
1741642892.3917627, 70.2, 943.24, 17
1741642893.3950808, 71.2, 805.79, 15
1741642894.3975933, 72.2, 804.65, 15
1741642895.3991568, 73.2, 806.09, 15
1741642896.3979614, 74.2, 921.17, 17
1741642897.3994563, 75.2, 981.6, 17
1741642898.400044, 76.2, 1024.12, 17
1741642899.4013522, 77.2, 1009.73, 18
1741642900.4026718, 78.2, 963.6, 18
1741642901.403882, 79.2, 957.86, 18
1741642902.40522, 80.2, 961.48, 16
1741642903.4066875, 81.2, 971.46, 16
1741642904.407312, 82.2, 950.89, 16
1741642905.4080985, 83.2, 942.74, 14
1741642906.4105754, 84.2, 958.27, 14
1741642907.4120297, 85.2, 966.51, 14
1741642908.4154222, 86.2, 760.04, 11
1741642909.4188046, 87.2, 499.91, 11
1741642910.4236407, 88.2, 499.91, 11
1741642911.4253542, 89.2, 726.01, 13
1741642912.4272196, 90.2, 843.97, 13
1741642913.4274113, 91.2, 874.91, 13
1741642914.4299746, 92.2, 1025.43, 18
1741642915.4313416, 93.2, 977.89, 18
1741642916.4326932, 94.2, 981.2, 18
1741642917.4359457, 95.2, 986.76, 18
1741642918.4376624, 96.2, 991.66, 18
1741642919.4392588, 97.2, 970.09, 18
1741642920.4389167, 98.2, 922.93, 17
1741642921.4403203, 99.2, 949.39, 17
1741642922.4416163, 100.2, 980.25, 17
1741642923.442465, 101.2, 932.34, 15
1741642924.4438484, 102.2, 967.35, 15
1741642925.4462423, 103.2, 971.54, 15
1741642926.448026, 104.2, 732.93, 12
1741642927.451333, 105.2, 430.44, 12
1741642928.4515388, 106.2, 347.09, 12
1741642929.45245, 107.2, 707.79, 15
1741642930.4546354, 108.2, 932.44, 15
1741642931.4554205, 109.2, 1037.43, 18
1741642932.458687, 110.2, 1030.92, 18
1741642933.460508, 111.2, 963.1, 18
1741642934.4613595, 112.3, 809.24, 15
1741642935.464362, 113.3, 658.09, 12
